GEO.id,GEO.id2,GEO.display-label,HC01_EST_VC02,HC03_EST_VC02,HC05_EST_VC02,HC01_EST_VC06,HC01_EST_VC08,HC01_EST_VC15
Id,Id2,Geography,Total; Estimate; Population 18 to 24 years,Male; Estimate; Population 18 to 24 years,Female; Estimate; Population 18 to 24 years,Total; Estimate; Population 18 to 24 years - Bachelor's degree or higher,Total; Estimate; Population 25 years and over,Total; Estimate; Population 25 years and over - Graduate or professional degree
0500000US01003,1003,"Baldwin County, Alabama",14570,7012,7558,1244,152037,16148
0500000US01015,1015,"Calhoun County, Alabama",10146,5017,5129,609,79582,6914
0500000US01043,1043,"Cullman County, Alabama",6747,3800,2947,316,57916,2725
0500000US01049,1049,"DeKalb County, Alabama",6773,3505,3268,94,47604,2517
0500000US01051,1051,"Elmore County, Alabama",7800,3308,4492,561,55782,4952
0500000US01055,1055,"Etowah County, Alabama",8569,4326,4243,486,71846,5510
0500000US01069,1069,"Houston County, Alabama",8008,3966,4042,644,72149,6038
0500000US01073,1073,"Jefferson County, Alabama",60333,29716,30617,8603,448110,56844
0500000US01077,1077,"Lauderdale County, Alabama",10236,4623,5613,644,63925,5746
0500000US01081,1081,"Lee County, Alabama",30374,15946,14428,2088,96835,14962
0500000US01083,1083,"Limestone County, Alabama",8155,4331,3824,855,65019,5910
0500000US01089,1089,"Madison County, Alabama",33947,17259,16688,3365,247593,40355
0500000US01095,1095,"Marshall County, Alabama",9198,4256,4942,220,62672,4376
0500000US01097,1097,"Mobile County, Alabama",38031,18811,19220,2287,278255,22987
0500000US01101,1101,"Montgomery County, Alabama",22656,11324,11332,744,150542,19844
0500000US01103,1103,"Morgan County, Alabama",9770,5043,4727,150,82161,4727
0500000US01115,1115,"St. Clair County, Alabama",5753,2917,2836,165,61901,3297
0500000US01117,1117,"Shelby County, Alabama",18170,8322,9848,2202,144760,22559
0500000US01121,1121,"Talladega County, Alabama",6474,3144,3330,112,56193,3040
0500000US01125,1125,"Tuscaloosa County, Alabama",35254,16757,18497,1727,128996,17264
0500000US01127,1127,"Walker County, Alabama",5167,2621,2546,10,44837,1914
0500000US02020,2020,"Anchorage Municipality, Alaska",29848,16287,13561,2247,192466,26367
0500000US02090,2090,"Fairbanks North Star Borough, Alaska",13857,8975,4882,1224,61914,8035
0500000US02170,2170,"Matanuska-Susitna Borough, Alaska",9409,5109,4300,552,67973,4894
0500000US04001,4001,"Apache County, Arizona",7255,3900,3355,0,44572,1710
0500000US04003,4003,"Cochise County, Arizona",10871,5788,5083,260,86811,9290
0500000US04005,4005,"Coconino County, Arizona",27775,12994,14781,1763,83432,13020
0500000US04013,4013,"Maricopa County, Arizona",397294,204568,192726,37320,2864476,333871
0500000US04015,4015,"Mohave County, Arizona",12221,5657,6564,282,158780,8713
0500000US04017,4017,"Navajo County, Arizona",9466,5349,4117,79,70045,5149
0500000US04019,4019,"Pima County, Arizona",121317,61850,59467,9447,684433,95931
0500000US04021,4021,"Pinal County, Arizona",33662,18898,14764,1095,297571,20321
0500000US04025,4025,"Yavapai County, Arizona",14796,8214,6582,430,175929,18072
0500000US04027,4027,"Yuma County, Arizona",23765,13856,9909,275,131272,7045
0500000US05007,5007,"Benton County, Arkansas",21352,10710,10642,2140,174196,18731
0500000US05031,5031,"Craighead County, Arkansas",11583,5224,6359,1949,69331,7376
0500000US05045,5045,"Faulkner County, Arkansas",18951,9130,9821,2152,75973,9763
0500000US05051,5051,"Garland County, Arkansas",7381,4083,3298,116,71435,4842
0500000US05069,5069,"Jefferson County, Arkansas",7205,3578,3627,657,46424,2773
0500000US05085,5085,"Lonoke County, Arkansas",5809,2669,3140,820,48062,2801
0500000US05119,5119,"Pulaski County, Arkansas",33955,17288,16667,4289,267664,38415
0500000US05125,5125,"Saline County, Arkansas",8873,4519,4354,843,82486,7526
0500000US05131,5131,"Sebastian County, Arkansas",12116,5736,6380,311,85038,6265
0500000US05143,5143,"Washington County, Arkansas",35018,17762,17256,4314,140005,17450
0500000US05145,5145,"White County, Arkansas",9156,4688,4468,529,51342,4270
0500000US06001,6001,"Alameda County, California",140475,70453,70022,23023,1178053,230248
0500000US06007,6007,"Butte County, California",32324,16202,16122,2647,151101,14993
0500000US06013,6013,"Contra Costa County, California",94314,48151,46163,10330,791111,122678
0500000US06017,6017,"El Dorado County, California",13956,7668,6288,1258,137282,15761
0500000US06019,6019,"Fresno County, California",99039,50483,48556,5120,608533,40318
0500000US06023,6023,"Humboldt County, California",18382,9539,8843,681,92277,11194
0500000US06025,6025,"Imperial County, California",19025,10370,8655,689,111254,5185
0500000US06029,6029,"Kern County, California",91460,49020,42440,2975,542437,30343
0500000US06031,6031,"Kings County, California",16011,9212,6799,569,93123,3531
0500000US06033,6033,"Lake County, California",3049,2099,950,67,48029,2008
0500000US06037,6037,"Los Angeles County, California",983483,496991,486492,109088,6955119,774869
0500000US06039,6039,"Madera County, California",14893,7623,7270,442,99417,4641
0500000US06041,6041,"Marin County, California",17052,9060,7992,2977,191635,49347
0500000US06045,6045,"Mendocino County, California",6264,3208,3056,112,62833,6228
0500000US06047,6047,"Merced County, California",30106,15762,14344,2091,162053,7583
0500000US06053,6053,"Monterey County, California",44246,23106,21140,2929,278518,27510
0500000US06055,6055,"Napa County, California",12875,6483,6392,1218,98614,12602
0500000US06057,6057,"Nevada County, California",5580,2729,2851,322,76951,11003
0500000US06059,6059,"Orange County, California",297063,150912,146151,38177,2187338,311102
0500000US06061,6061,"Placer County, California",28641,14664,13977,2772,271276,34765
0500000US06065,6065,"Riverside County, California",239444,122212,117232,14655,1567612,123900
0500000US06067,6067,"Sacramento County, California",131898,67653,64245,10103,1034406,109437
0500000US06071,6071,"San Bernardino County, California",227781,118757,109024,14052,1357953,93140
0500000US06073,6073,"San Diego County, California",346417,191005,155412,38175,2262740,340293
0500000US06075,6075,"San Francisco County, California",63254,30674,32580,21512,702525,159481
0500000US06077,6077,"San Joaquin County, California",71715,37489,34226,3453,470574,26976
0500000US06079,6079,"San Luis Obispo County, California",43604,23544,20060,4779,189011,27932
0500000US06081,6081,"San Mateo County, California",55586,28332,27254,13147,555560,127828
0500000US06083,6083,"Santa Barbara County, California",71301,35838,35463,7388,277137,39027
0500000US06085,6085,"Santa Clara County, California",163769,85825,77944,37900,1344303,332605
0500000US06087,6087,"Santa Cruz County, California",41064,20225,20839,4196,181407,29733
0500000US06089,6089,"Shasta County, California",14769,7678,7091,1053,126457,9842
0500000US06095,6095,"Solano County, California",39762,21241,18521,3168,306637,25300
0500000US06097,6097,"Sonoma County, California",41789,20923,20866,3876,362732,48082
0500000US06099,6099,"Stanislaus County, California",52511,27189,25322,3520,347151,18946
0500000US06101,6101,"Sutter County, California",7721,4217,3504,359,63863,3293
0500000US06107,6107,"Tulare County, California",46760,23924,22836,1146,274008,11558
0500000US06111,6111,"Ventura County, California",81185,41993,39192,6101,574375,66429
0500000US06113,6113,"Yolo County, California",44732,20828,23904,5053,128156,23919
0500000US06115,6115,"Yuba County, California",6328,3568,2760,234,49662,1951
0500000US08001,8001,"Adams County, Colorado",43586,22522,21064,3051,324185,21730
0500000US08005,8005,"Arapahoe County, Colorado",53381,27412,25969,8358,436615,66570
0500000US08013,8013,"Boulder County, Colorado",47345,25093,22252,6143,212233,59327
0500000US08014,8014,"Broomfield County, Colorado",5111,2580,2531,1224,47160,8935
0500000US08031,8031,"Denver County, Colorado",56753,27727,29026,10460,507664,97585
0500000US08035,8035,"Douglas County, Colorado",24371,12695,11676,4300,221904,44938
0500000US08041,8041,"El Paso County, Colorado",77014,43962,33052,7603,452212,70689
0500000US08059,8059,"Jefferson County, Colorado",44514,23240,21274,6561,415131,69749
0500000US08069,8069,"Larimer County, Colorado",49096,24589,24507,9668,226454,45279
0500000US08077,8077,"Mesa County, Colorado",15363,8210,7153,1007,103208,8832
0500000US08101,8101,"Pueblo County, Colorado",15084,7722,7362,1375,113492,8249
0500000US08123,8123,"Weld County, Colorado",28350,14141,14209,1354,195753,16733
0500000US09001,9001,"Fairfield County, Connecticut",87447,44621,42826,18742,647725,137073
0500000US09003,9003,"Hartford County, Connecticut",81609,42159,39450,14946,625275,105151
0500000US09005,9005,"Litchfield County, Connecticut",12676,6591,6085,1733,136414,20556
0500000US09007,9007,"Middlesex County, Connecticut",14527,7589,6938,2205,119342,19835
0500000US09009,9009,"New Haven County, Connecticut",86733,43506,43227,13532,598860,94404
0500000US09011,9011,"New London County, Connecticut",27764,15631,12133,4695,188610,29352
0500000US09013,9013,"Tolland County, Connecticut",28511,13911,14600,3289,96486,16987
0500000US09015,9015,"Windham County, Connecticut",12785,5728,7057,936,81142,7458
0500000US10001,10001,"Kent County, Delaware",17685,8504,9181,1905,118346,10419
0500000US10003,10003,"New Castle County, Delaware",52815,26259,26556,4994,385693,58234
0500000US10005,10005,"Sussex County, Delaware",13440,7279,6161,688,169647,21988
0500000US11001,11001,"District of Columbia, District of Columbia",74760,34109,40651,17229,494614,165347
0500000US12001,12001,"Alachua County, Florida",57001,27343,29658,10090,161896,33078
0500000US12005,12005,"Bay County, Florida",15071,8274,6797,1045,128622,10932
0500000US12009,12009,"Brevard County, Florida",44086,24325,19761,4802,436285,50439
0500000US12011,12011,"Broward County, Florida",154038,79086,74952,15330,1370041,166804
0500000US12015,12015,"Charlotte County, Florida",8511,4285,4226,454,150874,12229
0500000US12017,12017,"Citrus County, Florida",7922,4188,3734,293,116483,6593
0500000US12019,12019,"Clay County, Florida",17034,8579,8455,524,144638,10951
0500000US12021,12021,"Collier County, Florida",24562,13439,11123,3290,283595,41292
0500000US12023,12023,"Columbia County, Florida",6330,4007,2323,90,48064,2085
0500000US12031,12031,"Duval County, Florida",85232,43876,41356,8016,641660,61396
0500000US12033,12033,"Escambia County, Florida",36825,20557,16268,2639,210972,19445
0500000US12035,12035,"Flagler County, Florida",7939,4563,3376,540,83530,7766
0500000US12053,12053,"Hernando County, Florida",12373,6628,5745,507,138863,9293
0500000US12055,12055,"Highlands County, Florida",5184,3166,2018,84,79408,5369
0500000US12057,12057,"Hillsborough County, Florida",126110,62647,63463,15583,960910,114243
0500000US12061,12061,"Indian River County, Florida",11750,6747,5003,1164,117106,12985
0500000US12069,12069,"Lake County, Florida",25295,13398,11897,1402,253696,23426
0500000US12071,12071,"Lee County, Florida",52203,27243,24960,3065,555154,57708
0500000US12073,12073,"Leon County, Florida",62086,28545,33541,9073,173825,36567
0500000US12081,12081,"Manatee County, Florida",26388,14097,12291,1717,287528,34466
0500000US12083,12083,"Marion County, Florida",22991,11737,11254,667,264517,19560
0500000US12085,12085,"Martin County, Florida",11494,6340,5154,560,121973,12157
0500000US12086,12086,"Miami-Dade County, Florida",233195,118540,114655,22192,1961363,205205
0500000US12087,12087,"Monroe County, Florida",4464,2675,1789,349,60769,7122
0500000US12089,12089,"Nassau County, Florida",5896,3105,2791,698,60646,7427
0500000US12091,12091,"Okaloosa County, Florida",18451,10433,8018,2139,139480,16054
0500000US12095,12095,"Orange County, Florida",142667,70174,72493,15170,904404,101612
0500000US12097,12097,"Osceola County, Florida",34428,16954,17474,642,230380,13068
0500000US12099,12099,"Palm Beach County, Florida",110899,56972,53927,13308,1077100,148666
0500000US12101,12101,"Pasco County, Florida",37414,19315,18099,2521,381293,29556
0500000US12103,12103,"Pinellas County, Florida",64582,32732,31850,7124,746168,83285
0500000US12105,12105,"Polk County, Florida",56853,28901,27952,3564,476398,32102
0500000US12107,12107,"Putnam County, Florida",5327,2902,2425,364,52344,2386
0500000US12109,12109,"St. Johns County, Florida",17114,8651,8463,1854,172936,27967
0500000US12111,12111,"St. Lucie County, Florida",25626,14072,11554,1939,224830,16387
0500000US12113,12113,"Santa Rosa County, Florida",15272,8548,6724,784,120782,11792
0500000US12115,12115,"Sarasota County, Florida",23958,12700,11258,2384,335076,47227
0500000US12117,12117,"Seminole County, Florida",38891,19956,18935,3060,325935,41979
0500000US12119,12119,"Sumter County, Florida",4497,2857,1640,41,112185,13983
0500000US12127,12127,"Volusia County, Florida",44321,23066,21255,2426,398400,33495
0500000US12131,12131,"Walton County, Florida",3793,2233,1560,93,50744,5838
0500000US13013,13013,"Barrow County, Georgia",6311,3099,3212,502,51843,3269
0500000US13015,13015,"Bartow County, Georgia",8424,4455,3969,462,71074,5022
0500000US13021,13021,"Bibb County, Georgia",15815,7339,8476,1196,99357,10641
0500000US13031,13031,"Bulloch County, Georgia",18606,9601,9005,1167,42208,5049
0500000US13045,13045,"Carroll County, Georgia",14620,6830,7790,904,75007,5941
0500000US13047,13047,"Catoosa County, Georgia",6786,2556,4230,389,44502,2396
0500000US13051,13051,"Chatham County, Georgia",32655,16100,16555,3682,195081,26201
0500000US13057,13057,"Cherokee County, Georgia",20523,10453,10070,1266,165411,20519
0500000US13059,13059,"Clarke County, Georgia",35021,16069,18952,3907,70087,15466
0500000US13063,13063,"Clayton County, Georgia",28602,14086,14516,1482,176690,9989
0500000US13067,13067,"Cobb County, Georgia",68095,34266,33829,8356,506561,86443
0500000US13073,13073,"Columbia County, Georgia",14232,6385,7847,759,98512,13090
0500000US13077,13077,"Coweta County, Georgia",13490,6811,6679,839,94167,8292
0500000US13089,13089,"DeKalb County, Georgia",64140,31025,33115,9997,513908,93756
0500000US13095,13095,"Dougherty County, Georgia",10082,4891,5191,97,57630,7091
0500000US13097,13097,"Douglas County, Georgia",12278,6310,5968,1294,94045,10566
0500000US13113,13113,"Fayette County, Georgia",7850,4459,3391,493,78392,14148
0500000US13115,13115,"Floyd County, Georgia",10789,5358,5431,568,64239,5474
0500000US13117,13117,"Forsyth County, Georgia",15896,8576,7320,1866,148444,28467
0500000US13121,13121,"Fulton County, Georgia",106108,54002,52106,20841,703237,143086
0500000US13127,13127,"Glynn County, Georgia",7257,3711,3546,1223,59029,6842
0500000US13135,13135,"Gwinnett County, Georgia",83076,42531,40545,10064,587069,74088
0500000US13139,13139,"Hall County, Georgia",18621,9309,9312,1247,129706,13202
0500000US13151,13151,"Henry County, Georgia",22474,11529,10945,1324,144329,14663
0500000US13153,13153,"Houston County, Georgia",13072,6311,6761,1604,100891,10887
0500000US13157,13157,"Jackson County, Georgia",4305,2381,1924,454,46553,3905
0500000US13185,13185,"Lowndes County, Georgia",19514,9570,9944,1897,68062,8105
0500000US13215,13215,"Muscogee County, Georgia",19935,11008,8927,882,125754,10703
0500000US13217,13217,"Newton County, Georgia",11072,5932,5140,395,68597,6746
0500000US13223,13223,"Paulding County, Georgia",13463,7129,6334,477,102836,8414
0500000US13245,13245,"Richmond County, Georgia",23500,13104,10396,806,131433,10251
0500000US13247,13247,"Rockdale County, Georgia",10451,4651,5800,1276,57268,5807
0500000US13255,13255,"Spalding County, Georgia",5075,2417,2658,430,44209,2883
0500000US13285,13285,"Troup County, Georgia",7330,3747,3583,293,45006,3075
0500000US13295,13295,"Walker County, Georgia",5116,2607,2509,48,48606,3416
0500000US13297,13297,"Walton County, Georgia",7271,4455,2816,44,61543,3058
0500000US13313,13313,"Whitfield County, Georgia",10139,4757,5382,828,66837,4110
0500000US15001,15001,"Hawaii County, Hawaii",14518,7443,7075,906,142146,13934
0500000US15003,15003,"Honolulu County, Hawaii",92917,52519,40398,8566,685924,82187
0500000US15007,15007,"Kauai County, Hawaii",5190,2913,2277,160,50706,4977
0500000US15009,15009,"Maui County, Hawaii",11172,5871,5301,784,118898,10589
0500000US16001,16001,"Ada County, Idaho",38689,20138,18551,4106,307631,38904
0500000US16005,16005,"Bannock County, Idaho",10291,5140,5151,622,53004,4542
0500000US16019,16019,"Bonneville County, Idaho",10107,5508,4599,1280,69123,5706
0500000US16027,16027,"Canyon County, Idaho",21417,11251,10166,1477,133313,6459
0500000US16055,16055,"Kootenai County, Idaho",12351,6418,5933,147,108853,7743
0500000US16083,16083,"Twin Falls County, Idaho",6607,3221,3386,0,54657,3318
0500000US17001,17001,"Adams County, Illinois",5247,2569,2678,456,46097,5491
0500000US17019,17019,"Champaign County, Illinois",49095,26247,22848,6944,120473,27852
0500000US17031,17031,"Cook County, Illinois",467035,232868,234167,77494,3597492,560303
0500000US17037,17037,"DeKalb County, Illinois",19132,9183,9949,2277,62923,6847
0500000US17043,17043,"DuPage County, Illinois",81091,41383,39708,16837,636756,126444
0500000US17089,17089,"Kane County, Illinois",49299,25058,24241,5974,346896,38041
0500000US17091,17091,"Kankakee County, Illinois",11467,6062,5405,387,72688,5532
0500000US17093,17093,"Kendall County, Illinois",9124,4319,4805,516,80790,8653
0500000US17097,17097,"Lake County, Illinois",72376,39765,32611,9193,459331,87479
0500000US17099,17099,"LaSalle County, Illinois",9311,5092,4219,574,77038,5153
0500000US17111,17111,"McHenry County, Illinois",26291,13789,12502,3059,208695,23256
0500000US17113,17113,"McLean County, Illinois",30163,14106,16057,2845,104627,14027
0500000US17115,17115,"Macon County, Illinois",9932,4893,5039,690,72448,5792
0500000US17119,17119,"Madison County, Illinois",21858,11140,10718,1766,185473,20165
0500000US17143,17143,"Peoria County, Illinois",16410,8368,8042,1393,122961,16439
0500000US17161,17161,"Rock Island County, Illinois",13144,6442,6702,1178,99388,8613
0500000US17163,17163,"St. Clair County, Illinois",22686,11140,11546,1001,177786,22081
0500000US17167,17167,"Sangamon County, Illinois",15797,7769,8028,2080,136549,17428
0500000US17179,17179,"Tazewell County, Illinois",10394,5068,5326,684,92951,8149
0500000US17183,17183,"Vermilion County, Illinois",6328,3546,2782,180,52980,2842
0500000US17197,17197,"Will County, Illinois",63735,33423,30312,7338,454415,50053
0500000US17199,17199,"Williamson County, Illinois",4516,2298,2218,153,48189,4566
0500000US17201,17201,"Winnebago County, Illinois",23122,11473,11649,1703,194872,16097
0500000US18003,18003,"Allen County, Indiana",33641,16861,16780,2963,242816,21184
0500000US18005,18005,"Bartholomew County, Indiana",6498,3550,2948,1542,56037,8331
0500000US18011,18011,"Boone County, Indiana",5091,2749,2342,1462,43547,8960
0500000US18019,18019,"Clark County, Indiana",9293,4586,4707,387,81149,4699
0500000US18035,18035,"Delaware County, Indiana",23221,11304,11917,1488,71383,7726
0500000US18039,18039,"Elkhart County, Indiana",18498,9222,9276,1116,129938,9725
0500000US18043,18043,"Floyd County, Indiana",6144,3089,3055,771,52629,5859
0500000US18053,18053,"Grant County, Indiana",8357,3679,4678,495,44038,4190
0500000US18057,18057,"Hamilton County, Indiana",22680,11845,10835,4231,212065,48092
0500000US18059,18059,"Hancock County, Indiana",5334,2794,2540,265,51172,5379
0500000US18063,18063,"Hendricks County, Indiana",14530,6993,7537,1978,108075,13519
0500000US18067,18067,"Howard County, Indiana",6691,3385,3306,217,56994,3057
0500000US18081,18081,"Johnson County, Indiana",12441,6129,6312,1970,103353,12261
0500000US18085,18085,"Kosciusko County, Indiana",7278,3583,3695,483,53040,3996
0500000US18089,18089,"Lake County, Indiana",42237,21351,20886,3315,328166,24535
0500000US18091,18091,"LaPorte County, Indiana",8520,4889,3631,1068,77827,4068
0500000US18095,18095,"Madison County, Indiana",10782,5043,5739,488,90600,5506
0500000US18097,18097,"Marion County, Indiana",88732,43626,45106,12170,626646,74727
0500000US18105,18105,"Monroe County, Indiana",38380,19202,19178,5050,85191,17690
0500000US18109,18109,"Morgan County, Indiana",5385,2824,2561,104,48471,2791
0500000US18127,18127,"Porter County, Indiana",15594,8132,7462,1761,114962,12696
0500000US18141,18141,"St. Joseph County, Indiana",30017,14423,15594,2936,176362,21919
0500000US18157,18157,"Tippecanoe County, Indiana",45353,24938,20415,7494,105496,19528
0500000US18163,18163,"Vanderburgh County, Indiana",18319,8641,9678,1817,124322,12535
0500000US18167,18167,"Vigo County, Indiana",16405,8443,7962,1924,68789,6792
0500000US18177,18177,"Wayne County, Indiana",6133,3440,2693,111,45486,3780
0500000US19013,19013,"Black Hawk County, Iowa",19962,9171,10791,1824,83850,8214
0500000US19049,19049,"Dallas County, Iowa",6075,3009,3066,2820,56649,8668
0500000US19061,19061,"Dubuque County, Iowa",10430,5298,5132,1170,64277,8177
0500000US19103,19103,"Johnson County, Iowa",32642,16217,16425,5943,86376,23002
0500000US19113,19113,"Linn County, Iowa",21366,11048,10318,2641,149861,13345
0500000US19153,19153,"Polk County, Iowa",42665,21632,21033,6675,318571,34868
0500000US19155,19155,"Pottawattamie County, Iowa",8275,4398,3877,440,63220,5309
0500000US19163,19163,"Scott County, Iowa",14728,7016,7712,2048,116554,13894
0500000US19169,19169,"Story County, Iowa",29418,17360,12058,2423,51956,11257
0500000US19193,19193,"Woodbury County, Iowa",9862,4998,4864,571,65726,4185
0500000US20015,20015,"Butler County, Kansas",5531,3039,2492,265,44270,4501
0500000US20045,20045,"Douglas County, Kansas",27367,13067,14300,4721,70953,16610
0500000US20091,20091,"Johnson County, Kansas",46281,23516,22765,10013,398983,87013
0500000US20103,20103,"Leavenworth County, Kansas",6506,3355,3151,614,54581,7036
0500000US20161,20161,"Riley County, Kansas",25032,13751,11281,2262,36712,8970
0500000US20173,20173,"Sedgwick County, Kansas",46507,23927,22580,5161,334211,37476
0500000US20177,20177,"Shawnee County, Kansas",15055,7765,7290,1572,121104,15136
0500000US20209,20209,"Wyandotte County, Kansas",14469,7091,7378,1180,104556,5531
0500000US21015,21015,"Boone County, Kentucky",10654,5751,4903,1128,86062,10275
0500000US21029,21029,"Bullitt County, Kentucky",6454,3137,3317,375,55944,2613
0500000US21037,21037,"Campbell County, Kentucky",9075,4468,4607,1693,64156,8623
0500000US21047,21047,"Christian County, Kentucky",11515,7684,3831,795,39781,3044
0500000US21059,21059,"Daviess County, Kentucky",8384,4264,4120,1107,67502,5713
0500000US21067,21067,"Fayette County, Kentucky",44871,22211,22660,6327,209203,36868
0500000US21093,21093,"Hardin County, Kentucky",8805,5390,3415,553,72462,6602
0500000US21111,21111,"Jefferson County, Kentucky",66217,33633,32584,10106,533043,73950
0500000US21117,21117,"Kenton County, Kentucky",12709,6526,6183,1740,113284,14812
0500000US21145,21145,"McCracken County, Kentucky",4610,1950,2660,478,46189,4089
0500000US21151,21151,"Madison County, Kentucky",16268,7510,8758,1934,55893,6980
0500000US21185,21185,"Oldham County, Kentucky",5682,2802,2880,279,42672,7487
0500000US21227,21227,"Warren County, Kentucky",20888,10162,10726,2182,78633,9508
0500000US22005,22005,"Ascension Parish, Louisiana",10710,5418,5292,1020,79159,6397
0500000US22015,22015,"Bossier Parish, Louisiana",12546,6680,5866,1225,82604,6772
0500000US22017,22017,"Caddo Parish, Louisiana",20555,10392,10163,819,166867,15370
0500000US22019,22019,"Calcasieu Parish, Louisiana",18419,8814,9605,2130,133623,9397
0500000US22033,22033,"East Baton Rouge Parish, Louisiana",62646,30507,32139,5757,282126,38066
0500000US22045,22045,"Iberia Parish, Louisiana",6565,3535,3030,126,46357,1425
0500000US22051,22051,"Jefferson Parish, Louisiana",35180,17985,17195,3930,307704,28773
0500000US22055,22055,"Lafayette Parish, Louisiana",23170,11296,11874,1744,161057,17107
0500000US22057,22057,"Lafourche Parish, Louisiana",9067,4420,4647,503,66340,3640
0500000US22063,22063,"Livingston Parish, Louisiana",11076,5420,5656,370,91353,4260
0500000US22071,22071,"Orleans Parish, Louisiana",35570,17190,18380,4197,278629,42563
0500000US22073,22073,"Ouachita Parish, Louisiana",15838,7807,8031,1780,101124,6401
0500000US22079,22079,"Rapides Parish, Louisiana",11838,6406,5432,860,86869,6861
0500000US22097,22097,"St. Landry Parish, Louisiana",6897,3503,3394,123,53851,2679
0500000US22103,22103,"St. Tammany Parish, Louisiana",20421,10153,10268,2403,174042,21750
0500000US22105,22105,"Tangipahoa Parish, Louisiana",13710,6694,7016,1116,86138,4638
0500000US22109,22109,"Terrebonne Parish, Louisiana",10334,4999,5335,646,73028,3165
0500000US23001,23001,"Androscoggin County, Maine",9530,4950,4580,567,74704,5870
0500000US23003,23003,"Aroostook County, Maine",5021,2674,2347,495,50008,3367
0500000US23005,23005,"Cumberland County, Maine",25196,13088,12108,4035,211861,38545
0500000US23011,23011,"Kennebec County, Maine",10738,5275,5463,1141,87365,9276
0500000US23019,23019,"Penobscot County, Maine",15928,8490,7438,1548,108540,12551
0500000US23031,23031,"York County, Maine",15805,8145,7660,1728,150006,17309
0500000US24001,24001,"Allegany County, Maryland",8853,4522,4331,492,50049,3605
0500000US24003,24003,"Anne Arundel County, Maryland",50389,28427,21962,6922,395383,67778
0500000US24005,24005,"Baltimore County, Maryland",73907,36480,37427,9326,578536,95942
0500000US24009,24009,"Calvert County, Maryland",7460,4391,3069,723,62637,8253
0500000US24013,24013,"Carroll County, Maryland",13828,7087,6741,1601,117386,15379
0500000US24015,24015,"Cecil County, Maryland",8724,5016,3708,1179,70587,7377
0500000US24017,24017,"Charles County, Maryland",13400,7026,6374,814,107724,13465
0500000US24021,24021,"Frederick County, Maryland",20701,9996,10705,3378,172583,31249
0500000US24025,24025,"Harford County, Maryland",20943,11080,9863,2435,174622,25917
0500000US24027,24027,"Howard County, Maryland",25567,13362,12205,5104,217232,67290
0500000US24031,24031,"Montgomery County, Maryland",84206,42977,41229,16034,728331,224611
0500000US24033,24033,"Prince George's County, Maryland",90094,45586,44508,8917,619337,86412
0500000US24037,24037,"St. Mary's County, Maryland",11061,5356,5705,1292,74001,9921
0500000US24043,24043,"Washington County, Maryland",12198,7009,5189,745,105240,10415
0500000US24045,24045,"Wicomico County, Maryland",15488,7249,8239,2567,64696,7378
0500000US24510,24510,"Baltimore city, Maryland",58959,28286,30673,9293,426682,66386
0500000US25001,25001,"Barnstable County, Massachusetts",14853,8119,6734,3052,165434,32491
0500000US25003,25003,"Berkshire County, Massachusetts",12237,6014,6223,1094,92565,14137
0500000US25005,25005,"Bristol County, Massachusetts",51110,26044,25066,6028,394292,41965
0500000US25009,25009,"Essex County, Massachusetts",72911,37057,35854,11827,543982,84571
0500000US25011,25011,"Franklin County, Massachusetts",5044,2829,2215,653,52934,9623
0500000US25013,25013,"Hampden County, Massachusetts",49131,25317,23814,3873,318892,33965
0500000US25015,25015,"Hampshire County, Massachusetts",38327,16287,22040,2161,99606,22305
0500000US25017,25017,"Middlesex County, Massachusetts",158704,80294,78410,40977,1125008,323860
0500000US25021,25021,"Norfolk County, Massachusetts",61175,29945,31230,13673,491276,120531
0500000US25023,25023,"Plymouth County, Massachusetts",44331,22704,21627,6680,359399,50037
0500000US25025,25025,"Suffolk County, Massachusetts",109533,52148,57385,24775,554712,113442
0500000US25027,25027,"Worcester County, Massachusetts",81189,41441,39748,12068,569438,80726
0500000US26005,26005,"Allegan County, Michigan",9702,5301,4401,447,78390,6010
0500000US26017,26017,"Bay County, Michigan",7760,4190,3570,562,75203,5786
0500000US26021,26021,"Berrien County, Michigan",11971,6124,5847,756,108367,11158
0500000US26025,26025,"Calhoun County, Michigan",11251,5817,5434,279,92230,7635
0500000US26037,26037,"Clinton County, Michigan",6939,3531,3408,694,54073,7471
0500000US26045,26045,"Eaton County, Michigan",9790,5106,4684,1392,76180,9892
0500000US26049,26049,"Genesee County, Michigan",35359,18043,17316,2400,279382,21475
0500000US26055,26055,"Grand Traverse County, Michigan",6850,3630,3220,451,66759,10339
0500000US26065,26065,"Ingham County, Michigan",56590,27807,28783,6907,175844,31536
0500000US26073,26073,"Isabella County, Michigan",20199,9299,10900,1866,38809,5186
0500000US26075,26075,"Jackson County, Michigan",13805,6898,6907,810,110548,7962
0500000US26077,26077,"Kalamazoo County, Michigan",41383,20982,20401,4067,164485,26349
0500000US26081,26081,"Kent County, Michigan",61767,31077,30690,10685,428617,52950
0500000US26087,26087,"Lapeer County, Michigan",6885,3726,3159,388,62913,3023
0500000US26091,26091,"Lenawee County, Michigan",8749,4933,3816,680,69020,5344
0500000US26093,26093,"Livingston County, Michigan",15661,8066,7595,1964,132838,16546
0500000US26099,26099,"Macomb County, Michigan",72237,36981,35256,8183,613921,53359
0500000US26103,26103,"Marquette County, Michigan",9937,4805,5132,420,44531,4122
0500000US26111,26111,"Midland County, Michigan",7227,3705,3522,1441,58285,8364
0500000US26115,26115,"Monroe County, Michigan",11318,6002,5316,1073,105918,7288
0500000US26121,26121,"Muskegon County, Michigan",15657,8396,7261,756,118059,6489
0500000US26125,26125,"Oakland County, Michigan",102671,53089,49582,17844,882349,184065
0500000US26139,26139,"Ottawa County, Michigan",38794,19496,19298,4055,178399,19228
0500000US26145,26145,"Saginaw County, Michigan",17197,8280,8917,563,133874,10400
0500000US26147,26147,"St. Clair County, Michigan",12519,6977,5542,409,113233,8562
0500000US26155,26155,"Shiawassee County, Michigan",5606,2836,2770,101,47946,2994
0500000US26159,26159,"Van Buren County, Michigan",6052,3234,2818,315,51476,3310
0500000US26161,26161,"Washtenaw County, Michigan",69317,34902,34415,13212,229600,67269
0500000US26163,26163,"Wayne County, Michigan",154715,77580,77135,13546,1182723,111265
0500000US27003,27003,"Anoka County, Minnesota",27972,14801,13171,2227,239124,22363
0500000US27013,27013,"Blue Earth County, Minnesota",15576,8303,7273,1394,38523,5423
0500000US27019,27019,"Carver County, Minnesota",8393,4465,3928,1096,66083,10089
0500000US27037,27037,"Dakota County, Minnesota",32353,17001,15352,5627,285868,37754
0500000US27053,27053,"Hennepin County, Minnesota",107374,53875,53499,24007,869261,163844
0500000US27109,27109,"Olmsted County, Minnesota",11734,5622,6112,3122,105285,20556
0500000US27123,27123,"Ramsey County, Minnesota",54915,26888,28027,9468,365279,63930
0500000US27131,27131,"Rice County, Minnesota",9314,5016,4298,454,42340,3986
0500000US27137,27137,"St. Louis County, Minnesota",25680,12917,12763,2785,136260,12788
0500000US27139,27139,"Scott County, Minnesota",11003,5616,5387,1889,94197,12127
0500000US27141,27141,"Sherburne County, Minnesota",7974,4830,3144,904,61784,4067
0500000US27145,27145,"Stearns County, Minnesota",24222,12249,11973,2660,97265,9823
0500000US27163,27163,"Washington County, Minnesota",19492,10107,9385,3082,173709,26802
0500000US27171,27171,"Wright County, Minnesota",9974,5227,4747,896,86598,6057
0500000US28033,28033,"DeSoto County, Mississippi",15974,8224,7750,1104,116419,9592
0500000US28035,28035,"Forrest County, Mississippi",11580,5007,6573,444,46523,4946
0500000US28047,28047,"Harrison County, Mississippi",20446,11170,9276,2274,135279,12201
0500000US28049,28049,"Hinds County, Mississippi",26314,12591,13723,2332,154609,18938
0500000US28059,28059,"Jackson County, Mississippi",13438,6790,6648,617,94895,6932
0500000US28067,28067,"Jones County, Mississippi",6792,3348,3444,81,43919,3682
0500000US28075,28075,"Lauderdale County, Mississippi",6826,3178,3648,264,51320,5204
0500000US28081,28081,"Lee County, Mississippi",6998,3425,3573,81,56073,5631
0500000US28089,28089,"Madison County, Mississippi",9843,5170,4673,2390,68474,13754
0500000US28121,28121,"Rankin County, Mississippi",10995,4672,6323,2340,104876,10155
0500000US29019,29019,"Boone County, Missouri",34768,16461,18307,5201,107459,20047
0500000US29021,29021,"Buchanan County, Missouri",8779,4473,4306,416,59828,4092
0500000US29031,29031,"Cape Girardeau County, Missouri",11877,5588,6289,1116,49773,5546
0500000US29037,29037,"Cass County, Missouri",7550,3855,3695,638,70993,6409
0500000US29043,29043,"Christian County, Missouri",6974,3663,3311,133,56771,5484
0500000US29047,29047,"Clay County, Missouri",21304,10742,10562,3781,162849,18362
0500000US29051,29051,"Cole County, Missouri",7548,4449,3099,576,52409,5367
0500000US29071,29071,"Franklin County, Missouri",7716,4244,3472,446,71586,6203
0500000US29077,29077,"Greene County, Missouri",40528,20071,20457,4652,188816,21856
0500000US29095,29095,"Jackson County, Missouri",57913,28624,29289,8942,474782,52419
0500000US29097,29097,"Jasper County, Missouri",10947,5704,5243,395,78809,4588
0500000US29099,29099,"Jefferson County, Missouri",16467,8802,7665,912,155281,11804
0500000US29165,29165,"Platte County, Missouri",8417,4083,4334,1346,68762,12687
0500000US29183,29183,"St. Charles County, Missouri",33457,17025,16432,3190,268609,37170
0500000US29187,29187,"St. Francois County, Missouri",4185,2150,2035,66,48548,2302
0500000US29189,29189,"St. Louis County, Missouri",86004,43454,42550,15015,691143,126986
0500000US29510,29510,"St. Louis city, Missouri",28885,13888,14997,4341,219910,37388
0500000US30013,30013,"Cascade County, Montana",7726,4145,3581,553,55727,5182
0500000US30029,30029,"Flathead County, Montana",6819,3381,3438,313,71105,7098
0500000US30031,30031,"Gallatin County, Montana",17385,9448,7937,3253,68768,10957
0500000US30049,30049,"Lewis and Clark County, Montana",5229,2706,2523,0,47945,6869
0500000US30063,30063,"Missoula County, Montana",16010,8341,7669,2192,78787,13819
0500000US30111,30111,"Yellowstone County, Montana",11741,6033,5708,1421,109822,11204
0500000US31055,31055,"Douglas County, Nebraska",51065,25398,25667,7209,366147,49860
0500000US31109,31109,"Lancaster County, Nebraska",47246,24093,23153,6865,194865,27821
0500000US31153,31153,"Sarpy County, Nebraska",15428,8232,7196,1466,115871,16687
0500000US32003,32003,"Clark County, Nevada",184051,94470,89581,9627,1505837,121997
0500000US32031,32031,"Washoe County, Nevada",41267,21165,20102,3574,318643,34468
0500000US33005,33005,"Cheshire County, New Hampshire",9488,4358,5130,391,53007,6647
0500000US33009,33009,"Grafton County, New Hampshire",11595,6209,5386,1000,62899,11910
0500000US33011,33011,"Hillsborough County, New Hampshire",35746,18594,17152,4799,289309,40514
0500000US33013,33013,"Merrimack County, New Hampshire",13458,7088,6370,1756,107044,14817
0500000US33015,33015,"Rockingham County, New Hampshire",23607,12517,11090,4314,222644,35685
0500000US33017,33017,"Strafford County, New Hampshire",20519,9608,10911,2583,84295,10988
0500000US34001,34001,"Atlantic County, New Jersey",26367,13491,12876,2311,185547,19538
0500000US34003,34003,"Bergen County, New Jersey",77731,39460,38271,19461,669205,125660
0500000US34005,34005,"Burlington County, New Jersey",38342,21148,17194,3779,316357,43337
0500000US34007,34007,"Camden County, New Jersey",43432,22125,21307,7394,350713,44584
0500000US34009,34009,"Cape May County, New Jersey",6880,4035,2845,729,70447,8549
0500000US34011,34011,"Cumberland County, New Jersey",13482,7528,5954,1395,103147,6235
0500000US34013,34013,"Essex County, New Jersey",73009,36850,36159,8389,544496,78590
0500000US34015,34015,"Gloucester County, New Jersey",26537,13205,13332,4031,201009,24632
0500000US34017,34017,"Hudson County, New Jersey",56739,29606,27133,12984,494883,76408
0500000US34019,34019,"Hunterdon County, New Jersey",11452,6364,5088,1758,88422,19845
0500000US34021,34021,"Mercer County, New Jersey",42939,21195,21744,6176,251909,52077
0500000US34023,34023,"Middlesex County, New Jersey",79500,40484,39016,11951,581230,105214
0500000US34025,34025,"Monmouth County, New Jersey",53850,27311,26539,10317,438551,78194
0500000US34027,34027,"Morris County, New Jersey",43360,22290,21070,9981,349240,77879
0500000US34029,34029,"Ocean County, New Jersey",44361,22008,22353,6090,411601,42079
0500000US34031,34031,"Passaic County, New Jersey",50066,24999,25067,4998,339748,30227
0500000US34033,34033,"Salem County, New Jersey",5295,2843,2452,610,43960,3339
0500000US34035,34035,"Somerset County, New Jersey",28271,14769,13502,6342,233073,57377
0500000US34037,34037,"Sussex County, New Jersey",12195,6450,5745,2546,101761,12929
0500000US34039,34039,"Union County, New Jersey",48773,24886,23887,7560,383744,53640
0500000US34041,34041,"Warren County, New Jersey",9729,4870,4859,1241,75495,9475
0500000US35001,35001,"Bernalillo County, New Mexico",61982,31437,30545,5578,465107,75046
0500000US35005,35005,"Chaves County, New Mexico",6342,3274,3068,248,41055,2533
0500000US35013,35013,"Doa Ana County, New Mexico",32599,16993,15606,2728,129529,12692
0500000US35025,35025,"Lea County, New Mexico",6528,3445,3083,74,41484,2165
0500000US35031,35031,"McKinley County, New Mexico",6841,3633,3208,50,44311,3171
0500000US35035,35035,"Otero County, New Mexico",7314,4386,2928,357,43074,3053
0500000US35043,35043,"Sandoval County, New Mexico",10987,5586,5401,745,97983,11618
0500000US35045,35045,"San Juan County, New Mexico",11622,6010,5612,91,81121,4045
0500000US35049,35049,"Santa Fe County, New Mexico",11127,5609,5518,584,110401,22152
0500000US35061,35061,"Valencia County, New Mexico",7326,3114,4212,95,50650,2838
0500000US36001,36001,"Albany County, New York",46843,23616,23227,9512,205266,42571
0500000US36005,36005,"Bronx County, New York",152674,77236,75438,13606,953271,67208
0500000US36007,36007,"Broome County, New York",28093,15020,13073,3884,127879,15506
0500000US36009,36009,"Cattaraugus County, New York",7291,3785,3506,501,52806,4740
0500000US36011,36011,"Cayuga County, New York",6212,2973,3239,474,55989,4537
0500000US36013,36013,"Chautauqua County, New York",13747,7590,6157,901,88890,9249
0500000US36015,36015,"Chemung County, New York",7074,3618,3456,176,60282,6888
0500000US36019,36019,"Clinton County, New York",11221,5799,5422,1139,55133,5088
0500000US36027,36027,"Dutchess County, New York",32876,16155,16721,3670,206240,33979
0500000US36029,36029,"Erie County, New York",86847,43664,43183,11423,649960,94011
0500000US36045,36045,"Jefferson County, New York",14771,9918,4853,821,72243,6066
0500000US36047,36047,"Kings County, New York",222446,108441,114005,41199,1820860,272709
0500000US36051,36051,"Livingston County, New York",9477,4678,4799,620,42931,4541
0500000US36053,36053,"Madison County, New York",8689,4233,4456,761,48108,5474
0500000US36055,36055,"Monroe County, New York",75827,38200,37627,11560,515145,87925
0500000US36059,36059,"Nassau County, New York",122645,62744,59901,28560,951605,192591
0500000US36061,36061,"New York County, New York",151885,69053,82832,51972,1273269,381334
0500000US36063,36063,"Niagara County, New York",17887,9255,8632,2233,151004,16834
0500000US36065,36065,"Oneida County, New York",21676,11614,10062,2596,160501,15430
0500000US36067,36067,"Onondaga County, New York",48554,23592,24962,6097,317164,50344
0500000US36069,36069,"Ontario County, New York",9421,4997,4424,1494,77999,11547
0500000US36071,36071,"Orange County, New York",40000,22960,17040,4886,244723,31454
0500000US36075,36075,"Oswego County, New York",13617,6969,6648,631,80195,6685
0500000US36079,36079,"Putnam County, New York",8136,4698,3438,1859,71447,12736
0500000US36081,36081,"Queens County, New York",189306,93989,95317,29764,1695302,187649
0500000US36083,36083,"Rensselaer County, New York",17428,9555,7873,3255,111047,15125
0500000US36085,36085,"Richmond County, New York",40537,20497,20040,7461,334079,44531
0500000US36087,36087,"Rockland County, New York",31067,15626,15441,5077,205985,37732
0500000US36089,36089,"St. Lawrence County, New York",15226,8163,7063,1204,72555,9163
0500000US36091,36091,"Saratoga County, New York",18801,9421,9380,3624,164414,31278
0500000US36093,36093,"Schenectady County, New York",14583,7963,6620,1508,107453,12751
0500000US36101,36101,"Steuben County, New York",7483,3806,3677,857,68011,7445
0500000US36103,36103,"Suffolk County, New York",136628,70389,66239,23418,1036946,169968
0500000US36105,36105,"Sullivan County, New York",6823,3834,2989,892,53310,6145
0500000US36109,36109,"Tompkins County, New York",27696,14656,13040,7296,61921,18616
0500000US36111,36111,"Ulster County, New York",16451,8846,7605,1858,130912,19314
0500000US36113,36113,"Warren County, New York",4587,2388,2199,566,48385,7826
0500000US36117,36117,"Wayne County, New York",7516,3987,3529,726,63605,5070
0500000US36119,36119,"Westchester County, New York",87411,43475,43936,21144,675568,164186
0500000US37001,37001,"Alamance County, North Carolina",15887,7647,8240,947,109959,8615
0500000US37019,37019,"Brunswick County, North Carolina",7097,4438,2659,474,102846,11729
0500000US37021,37021,"Buncombe County, North Carolina",20040,9611,10429,2390,189252,29108
0500000US37023,37023,"Burke County, North Carolina",7924,4757,3167,413,64167,4597
0500000US37025,37025,"Cabarrus County, North Carolina",15858,8379,7479,1335,137026,15573
0500000US37027,37027,"Caldwell County, North Carolina",6682,3214,3468,278,58662,4108
0500000US37031,37031,"Carteret County, North Carolina",4287,2233,2054,174,51901,5278
0500000US37035,37035,"Catawba County, North Carolina",13745,6929,6816,1093,108709,7141
0500000US37037,37037,"Chatham County, North Carolina",3442,1460,1982,628,53297,9040
0500000US37045,37045,"Cleveland County, North Carolina",9339,4877,4462,319,66378,4220
0500000US37049,37049,"Craven County, North Carolina",12687,7969,4718,411,66794,6305
0500000US37051,37051,"Cumberland County, North Carolina",44642,27172,17470,3002,205965,15764
0500000US37057,37057,"Davidson County, North Carolina",11244,5698,5546,680,117271,5967
0500000US37063,37063,"Durham County, North Carolina",30867,15196,15671,6327,215089,48427
0500000US37067,37067,"Forsyth County, North Carolina",36638,17778,18860,3473,252493,30799
0500000US37069,37069,"Franklin County, North Carolina",5942,3185,2757,669,45458,2806
0500000US37071,37071,"Gaston County, North Carolina",18254,9526,8728,912,152050,9648
0500000US37081,37081,"Guilford County, North Carolina",55504,26033,29471,5144,353213,43611
0500000US37085,37085,"Harnett County, North Carolina",12483,6392,6091,1298,85093,5866
0500000US37089,37089,"Henderson County, North Carolina",7638,3627,4011,423,85774,9718
0500000US37097,37097,"Iredell County, North Carolina",14501,7496,7005,1406,120071,9160
0500000US37101,37101,"Johnston County, North Carolina",14925,7902,7023,540,131290,7943
0500000US37109,37109,"Lincoln County, North Carolina",6235,3326,2909,300,58501,4170
0500000US37119,37119,"Mecklenburg County, North Carolina",96675,47550,49125,17557,722837,112492
0500000US37125,37125,"Moore County, North Carolina",6542,2683,3859,471,69500,11479
0500000US37127,37127,"Nash County, North Carolina",9298,4916,4382,807,63759,3908
0500000US37129,37129,"New Hanover County, North Carolina",27278,12733,14545,2860,157243,21847
0500000US37133,37133,"Onslow County, North Carolina",42611,31098,11513,450,103958,7508
0500000US37135,37135,"Orange County, North Carolina",25183,11252,13931,4002,91042,29060
0500000US37147,37147,"Pitt County, North Carolina",33274,15706,17568,3143,107663,13409
0500000US37151,37151,"Randolph County, North Carolina",10592,5654,4938,418,100654,3868
0500000US37155,37155,"Robeson County, North Carolina",13825,7266,6559,762,85616,4587
0500000US37157,37157,"Rockingham County, North Carolina",7926,4165,3761,216,64445,3321
0500000US37159,37159,"Rowan County, North Carolina",12497,6412,6085,558,96938,5663
0500000US37161,37161,"Rutherford County, North Carolina",5079,3069,2010,602,47441,3834
0500000US37171,37171,"Surry County, North Carolina",5571,2633,2938,261,51247,3130
0500000US37179,37179,"Union County, North Carolina",19389,10332,9057,1337,148919,15856
0500000US37183,37183,"Wake County, North Carolina",96931,48925,48006,19346,715898,142009
0500000US37191,37191,"Wayne County, North Carolina",12610,6524,6086,416,82342,4471
0500000US37193,37193,"Wilkes County, North Carolina",5055,2572,2483,294,49455,2298
0500000US37195,37195,"Wilson County, North Carolina",6774,3136,3638,581,55953,2368
0500000US38015,38015,"Burleigh County, North Dakota",7976,4024,3952,1193,64363,7269
0500000US38017,38017,"Cass County, North Dakota",25015,13118,11897,4158,113641,14570
0500000US38035,38035,"Grand Forks County, North Dakota",14278,7988,6290,1563,42280,5876
0500000US38101,38101,"Ward County, North Dakota",9806,5638,4168,954,43157,3802
0500000US39003,39003,"Allen County, Ohio",9623,5258,4365,338,69698,5385
0500000US39007,39007,"Ashtabula County, Ohio",7485,4016,3469,223,68620,2823
0500000US39009,39009,"Athens County, Ohio",20255,10278,9977,226,36600,6423
0500000US39013,39013,"Belmont County, Ohio",4532,2495,2037,523,50556,3073
0500000US39017,39017,"Butler County, Ohio",47101,23791,23310,3800,243633,26278
0500000US39023,39023,"Clark County, Ohio",12696,6089,6607,583,91675,8568
0500000US39025,39025,"Clermont County, Ohio",15774,7938,7836,1400,141285,13892
0500000US39029,39029,"Columbiana County, Ohio",8013,4372,3641,221,73982,2600
0500000US39035,39035,"Cuyahoga County, Ohio",110866,55795,55071,15136,876662,118134
0500000US39041,39041,"Delaware County, Ohio",15399,7813,7586,1124,131287,25502
0500000US39043,39043,"Erie County, Ohio",5683,2566,3117,810,53820,5125
0500000US39045,39045,"Fairfield County, Ohio",13602,7117,6485,1389,104026,9567
0500000US39049,39049,"Franklin County, Ohio",128174,63889,64285,19778,861624,124646
0500000US39055,39055,"Geauga County, Ohio",7763,4061,3702,747,64481,9787
0500000US39057,39057,"Greene County, Ohio",21522,10191,11331,2553,110558,21754
0500000US39061,39061,"Hamilton County, Ohio",75823,38424,37399,9782,550204,81454
0500000US39063,39063,"Hancock County, Ohio",6736,3208,3528,672,52117,5140
0500000US39081,39081,"Jefferson County, Ohio",5680,2644,3036,637,47705,2075
0500000US39085,39085,"Lake County, Ohio",17678,9275,8403,2533,165902,16576
0500000US39089,39089,"Licking County, Ohio",14700,7477,7223,789,118584,9657
0500000US39093,39093,"Lorain County, Ohio",26655,14339,12316,2193,212692,17114
0500000US39095,39095,"Lucas County, Ohio",38884,19585,19299,4147,292621,29618
0500000US39099,39099,"Mahoning County, Ohio",19769,10190,9579,2067,164042,12192
0500000US39101,39101,"Marion County, Ohio",4872,2853,2019,281,46643,3204
0500000US39103,39103,"Medina County, Ohio",13740,7084,6656,1677,124238,13760
0500000US39109,39109,"Miami County, Ohio",7343,3853,3490,779,73618,6569
0500000US39113,39113,"Montgomery County, Ohio",48154,24093,24061,4563,366020,41573
0500000US39119,39119,"Muskingum County, Ohio",7660,3956,3704,240,58848,3411
0500000US39133,39133,"Portage County, Ohio",26948,12419,14529,2880,104615,12255
0500000US39139,39139,"Richland County, Ohio",9791,5353,4438,482,84550,4286
0500000US39141,39141,"Ross County, Ohio",6367,3637,2730,107,54434,3473
0500000US39145,39145,"Scioto County, Ohio",6497,3463,3034,269,53141,4449
0500000US39151,39151,"Stark County, Ohio",32427,16392,16035,2535,259924,20602
0500000US39153,39153,"Summit County, Ohio",46446,23554,22892,4808,380675,44910
0500000US39155,39155,"Trumbull County, Ohio",15364,8083,7281,976,144108,8950
0500000US39157,39157,"Tuscarawas County, Ohio",7154,3437,3717,209,63972,3269
0500000US39165,39165,"Warren County, Ohio",17059,8741,8318,1752,154438,25110
0500000US39169,39169,"Wayne County, Ohio",11259,5674,5585,1143,76595,6368
0500000US39173,39173,"Wood County, Ohio",23023,11250,11773,3632,81051,10730
0500000US40017,40017,"Canadian County, Oklahoma",11566,5967,5599,1453,91884,6669
0500000US40027,40027,"Cleveland County, Oklahoma",40270,20974,19296,4198,178227,21376
0500000US40031,40031,"Comanche County, Oklahoma",16472,10349,6123,1277,76203,7839
0500000US40037,40037,"Creek County, Oklahoma",6097,3291,2806,286,48317,2596
0500000US40101,40101,"Muskogee County, Oklahoma",6901,3768,3133,284,45268,2703
0500000US40109,40109,"Oklahoma County, Oklahoma",70809,35998,34811,6580,514300,60459
0500000US40119,40119,"Payne County, Oklahoma",22204,11058,11146,2774,43023,6135
0500000US40125,40125,"Pottawatomie County, Oklahoma",7070,3417,3653,417,47954,3593
0500000US40131,40131,"Rogers County, Oklahoma",8226,4293,3933,282,61496,5366
0500000US40143,40143,"Tulsa County, Oklahoma",57277,28858,28419,5910,424920,44189
0500000US40145,40145,"Wagoner County, Oklahoma",5466,2720,2746,274,53868,4243
0500000US41003,41003,"Benton County, Oregon",20498,10688,9810,2415,55327,13835
0500000US41005,41005,"Clackamas County, Oregon",31826,16809,15017,2035,291445,41682
0500000US41017,41017,"Deschutes County, Oregon",12944,6401,6543,906,135342,15673
0500000US41019,41019,"Douglas County, Oregon",7628,4330,3298,432,80775,5182
0500000US41029,41029,"Jackson County, Oregon",18094,8985,9109,579,154281,15819
0500000US41033,41033,"Josephine County, Oregon",5405,2850,2555,0,64096,4691
0500000US41035,41035,"Klamath County, Oregon",5612,3434,2178,0,46898,2986
0500000US41039,41039,"Lane County, Oregon",47513,23817,23696,5410,257137,33023
0500000US41043,41043,"Linn County, Oregon",9194,4775,4419,175,87222,3891
0500000US41047,41047,"Marion County, Oregon",31116,16186,14930,1642,225382,16251
0500000US41051,41051,"Multnomah County, Oregon",65427,32426,33001,9893,587811,106495
0500000US41053,41053,"Polk County, Oregon",11609,5856,5753,1161,52409,6795
0500000US41059,41059,"Umatilla County, Oregon",7488,4393,3095,43,49992,3701
0500000US41067,41067,"Washington County, Oregon",47837,23712,24125,4963,404077,66653
0500000US41071,41071,"Yamhill County, Oregon",11085,6018,5067,695,70951,7415
0500000US42001,42001,"Adams County, Pennsylvania",9737,4917,4820,744,72118,6556
0500000US42003,42003,"Allegheny County, Pennsylvania",108641,54173,54468,22949,884094,155433
0500000US42005,42005,"Armstrong County, Pennsylvania",4846,2506,2340,430,48197,2289
0500000US42007,42007,"Beaver County, Pennsylvania",12464,6424,6040,1508,121242,9722
0500000US42011,42011,"Berks County, Pennsylvania",40777,20648,20129,4058,282963,23448
0500000US42013,42013,"Blair County, Pennsylvania",9301,4865,4436,484,88809,5433
0500000US42017,42017,"Bucks County, Pennsylvania",49600,25920,23680,9582,448774,77022
0500000US42019,42019,"Butler County, Pennsylvania",16469,8222,8247,1928,132893,16542
0500000US42021,42021,"Cambria County, Pennsylvania",12460,6296,6164,576,95164,7172
0500000US42025,42025,"Carbon County, Pennsylvania",4219,2253,1966,184,47267,2175
0500000US42027,42027,"Centre County, Pennsylvania",39968,21586,18382,4794,98303,20741
0500000US42029,42029,"Chester County, Pennsylvania",46480,23336,23144,9874,353899,75552
0500000US42033,42033,"Clearfield County, Pennsylvania",6013,3377,2636,385,59076,3117
0500000US42037,42037,"Columbia County, Pennsylvania",10129,4530,5599,1079,43858,4559
0500000US42039,42039,"Crawford County, Pennsylvania",7884,3883,4001,411,60553,4106
0500000US42041,42041,"Cumberland County, Pennsylvania",23818,12291,11527,2608,175140,28169
0500000US42043,42043,"Dauphin County, Pennsylvania",22596,11457,11139,3443,191345,22539
0500000US42045,42045,"Delaware County, Pennsylvania",56748,28149,28599,6563,383800,68063
0500000US42049,42049,"Erie County, Pennsylvania",27789,14249,13540,3770,187649,18163
0500000US42051,42051,"Fayette County, Pennsylvania",9627,4929,4698,1131,96474,4788
0500000US42055,42055,"Franklin County, Pennsylvania",11296,5498,5798,1166,108529,11377
0500000US42063,42063,"Indiana County, Pennsylvania",14411,6662,7749,817,55222,5426
0500000US42069,42069,"Lackawanna County, Pennsylvania",19521,9722,9799,2076,148344,15848
0500000US42071,42071,"Lancaster County, Pennsylvania",49103,24796,24307,5629,364909,38926
0500000US42073,42073,"Lawrence County, Pennsylvania",7043,3698,3345,439,62545,4541
0500000US42075,42075,"Lebanon County, Pennsylvania",11970,6281,5689,468,95764,7424
0500000US42077,42077,"Lehigh County, Pennsylvania",34255,16641,17614,3758,248992,28956
0500000US42079,42079,"Luzerne County, Pennsylvania",27953,14426,13527,2634,227239,19375
0500000US42081,42081,"Lycoming County, Pennsylvania",10180,4967,5213,502,80315,6319
0500000US42085,42085,"Mercer County, Pennsylvania",11067,5828,5239,1034,79064,6282
0500000US42089,42089,"Monroe County, Pennsylvania",17725,8903,8822,1440,116911,10858
0500000US42091,42091,"Montgomery County, Pennsylvania",67097,33368,33729,14137,580456,128524
0500000US42095,42095,"Northampton County, Pennsylvania",29938,15600,14338,3085,212826,23498
0500000US42097,42097,"Northumberland County, Pennsylvania",7084,4039,3045,578,67075,2839
0500000US42101,42101,"Philadelphia County, Pennsylvania",160872,79031,81841,22833,1075853,128117
0500000US42107,42107,"Schuylkill County, Pennsylvania",10175,5575,4600,712,104560,4950
0500000US42111,42111,"Somerset County, Pennsylvania",5303,3094,2209,442,55223,2467
0500000US42125,42125,"Washington County, Pennsylvania",18016,9129,8887,1621,148873,16236
0500000US42129,42129,"Westmoreland County, Pennsylvania",26567,13925,12642,3312,261007,28321
0500000US42133,42133,"York County, Pennsylvania",36444,18704,17740,4732,310781,27545
0500000US44003,44003,"Kent County, Rhode Island",12041,6369,5672,1802,120853,14721
0500000US44005,44005,"Newport County, Rhode Island",8525,4880,3645,1947,60470,11710
0500000US44007,44007,"Providence County, Rhode Island",70295,34210,36085,6423,435612,47369
0500000US44009,44009,"Washington County, Rhode Island",19422,9222,10200,1910,85775,15355
0500000US45003,45003,"Aiken County, South Carolina",13220,6382,6838,718,118618,11219
0500000US45007,45007,"Anderson County, South Carolina",16662,8180,8482,975,136504,9453
0500000US45013,45013,"Beaufort County, South Carolina",18641,10628,8013,1573,132688,23293
0500000US45015,45015,"Berkeley County, South Carolina",19890,12019,7871,1385,145644,12571
0500000US45019,45019,"Charleston County, South Carolina",35992,18589,17403,6331,285858,44276
0500000US45031,45031,"Darlington County, South Carolina",5250,2346,2904,297,46786,3744
0500000US45035,45035,"Dorchester County, South Carolina",11959,6139,5820,674,105822,10956
0500000US45041,45041,"Florence County, South Carolina",11982,5891,6091,639,93308,8409
0500000US45045,45045,"Greenville County, South Carolina",44246,22157,22089,5478,344948,46732
0500000US45047,45047,"Greenwood County, South Carolina",6696,3101,3595,656,48625,4830
0500000US45051,45051,"Horry County, South Carolina",25656,13813,11843,2374,246389,18770
0500000US45055,45055,"Kershaw County, South Carolina",5133,2352,2781,380,44660,4035
0500000US45057,45057,"Lancaster County, South Carolina",6104,3192,2912,258,66570,6057
0500000US45059,45059,"Laurens County, South Carolina",5908,3235,2673,600,46198,2666
0500000US45063,45063,"Lexington County, South Carolina",22704,11741,10963,2320,200145,21326
0500000US45073,45073,"Oconee County, South Carolina",5832,3130,2702,337,56099,6174
0500000US45075,45075,"Orangeburg County, South Carolina",9567,4171,5396,325,58850,5234
0500000US45077,45077,"Pickens County, South Carolina",21680,11569,10111,1861,77709,8222
0500000US45079,45079,"Richland County, South Carolina",64502,33789,30713,6387,258643,39380
0500000US45083,45083,"Spartanburg County, South Carolina",28920,14320,14600,2585,207051,19669
0500000US45085,45085,"Sumter County, South Carolina",10743,6032,4711,269,71105,4896
0500000US45091,45091,"York County, South Carolina",23880,11779,12101,3420,177532,20275
0500000US46099,46099,"Minnehaha County, South Dakota",16598,8744,7854,2452,124138,12563
0500000US46103,46103,"Pennington County, South Dakota",9304,4871,4433,1078,75516,8828
0500000US47001,47001,"Anderson County, Tennessee",5843,3460,2383,871,54085,5929
0500000US47009,47009,"Blount County, Tennessee",9801,5093,4708,824,93543,8114
0500000US47011,47011,"Bradley County, Tennessee",10240,4891,5349,685,71960,6908
0500000US47037,47037,"Davidson County, Tennessee",68293,32715,35578,12882,477260,70079
0500000US47059,47059,"Greene County, Tennessee",5631,2645,2986,66,49628,2541
0500000US47065,47065,"Hamilton County, Tennessee",30795,15532,15263,3755,255297,27723
0500000US47093,47093,"Knox County, Tennessee",54928,27780,27148,6645,309359,45771
0500000US47113,47113,"Madison County, Tennessee",11986,5368,6618,720,64159,7006
0500000US47119,47119,"Maury County, Tennessee",8186,3717,4469,389,62355,4536
0500000US47125,47125,"Montgomery County, Tennessee",22742,11606,11136,1727,123869,13073
0500000US47141,47141,"Putnam County, Tennessee",11310,6047,5263,142,49831,4865
0500000US47147,47147,"Robertson County, Tennessee",5909,2854,3055,302,47296,3461
0500000US47149,47149,"Rutherford County, Tennessee",38887,20544,18343,4142,199945,19826
0500000US47155,47155,"Sevier County, Tennessee",8170,4325,3845,371,69189,3507
0500000US47157,47157,"Shelby County, Tennessee",88698,44401,44297,10020,614274,81731
0500000US47163,47163,"Sullivan County, Tennessee",11640,6201,5439,872,114943,10381
0500000US47165,47165,"Sumner County, Tennessee",13933,7482,6451,1521,126117,11659
0500000US47179,47179,"Washington County, Tennessee",14745,7023,7722,1530,88485,12262
0500000US47187,47187,"Williamson County, Tennessee",16766,8784,7982,2601,147247,35251
0500000US47189,47189,"Wilson County, Tennessee",10332,5289,5043,1490,93608,8105
0500000US48005,48005,"Angelina County, Texas",8291,4092,4199,74,57108,3118
0500000US48021,48021,"Bastrop County, Texas",7929,4456,3473,107,54698,3673
0500000US48027,48027,"Bell County, Texas",40464,22268,18196,4100,210326,19575
0500000US48029,48029,"Bexar County, Texas",203646,106007,97639,18303,1249712,128966
0500000US48037,48037,"Bowie County, Texas",9072,4983,4089,96,62638,4512
0500000US48039,48039,"Brazoria County, Texas",29548,15690,13858,2296,236616,28261
0500000US48041,48041,"Brazos County, Texas",58671,30786,27885,6412,117763,21367
0500000US48061,48061,"Cameron County, Texas",45142,23550,21592,1824,248391,13068
0500000US48085,48085,"Collin County, Texas",79151,40713,38438,12970,635534,118410
0500000US48091,48091,"Comal County, Texas",10579,5126,5453,887,97919,12890
0500000US48099,48099,"Coryell County, Texas",9286,6154,3132,583,48139,2450
0500000US48113,48113,"Dallas County, Texas",250197,127032,123165,26397,1676011,184294
0500000US48121,48121,"Denton County, Texas",78246,38663,39583,9285,547898,85836
0500000US48135,48135,"Ector County, Texas",17068,8734,8334,473,92873,3187
0500000US48139,48139,"Ellis County, Texas",15298,7625,7673,711,111660,7371
0500000US48141,48141,"El Paso County, Texas",94577,50499,44078,5883,514729,40737
0500000US48157,48157,"Fort Bend County, Texas",63058,32370,30688,7222,489890,89288
0500000US48167,48167,"Galveston County, Texas",28206,14654,13552,4528,224926,25107
0500000US48181,48181,"Grayson County, Texas",11316,5839,5477,532,88606,5573
0500000US48183,48183,"Gregg County, Texas",11353,6656,4697,367,80114,4246
0500000US48187,48187,"Guadalupe County, Texas",14047,7560,6487,617,104984,10234
0500000US48201,48201,"Harris County, Texas",432641,220534,212107,42831,2970857,328601
0500000US48203,48203,"Harrison County, Texas",5549,2623,2926,311,43830,2493
0500000US48209,48209,"Hays County, Texas",36824,18015,18809,1722,127580,17466
0500000US48213,48213,"Henderson County, Texas",5717,2726,2991,452,58046,4483
0500000US48215,48215,"Hidalgo County, Texas",93819,47060,46759,5948,482342,25915
0500000US48231,48231,"Hunt County, Texas",9711,4778,4933,916,61557,5744
0500000US48245,48245,"Jefferson County, Texas",25901,14160,11741,1729,168924,10228
0500000US48251,48251,"Johnson County, Texas",14167,7444,6723,1297,109599,5882
0500000US48257,48257,"Kaufman County, Texas",10000,4724,5276,735,78533,6503
0500000US48291,48291,"Liberty County, Texas",7446,3790,3656,66,54398,811
0500000US48303,48303,"Lubbock County, Texas",51258,26356,24902,5298,180516,19779
0500000US48309,48309,"McLennan County, Texas",36055,18011,18044,2483,153289,12548
0500000US48329,48329,"Midland County, Texas",15500,7668,7832,703,102982,7563
0500000US48339,48339,"Montgomery County, Texas",46383,24026,22357,3471,373508,41084
0500000US48347,48347,"Nacogdoches County, Texas",12483,6313,6170,666,37737,3695
0500000US48355,48355,"Nueces County, Texas",35692,18259,17433,1674,235918,17446
0500000US48361,48361,"Orange County, Texas",7401,3728,3673,111,56420,1469
0500000US48367,48367,"Parker County, Texas",10462,5495,4967,512,90367,6836
0500000US48375,48375,"Potter County, Texas",10493,5389,5104,641,76901,4104
0500000US48381,48381,"Randall County, Texas",13660,6842,6818,1028,88683,7674
0500000US48397,48397,"Rockwall County, Texas",7299,4041,3258,638,63099,10747
0500000US48409,48409,"San Patricio County, Texas",6845,3861,2984,164,42832,2494
0500000US48423,48423,"Smith County, Texas",23146,11905,11241,1407,148537,12376
0500000US48439,48439,"Tarrant County, Texas",191638,96371,95267,19615,1317559,135576
0500000US48441,48441,"Taylor County, Texas",19360,10028,9332,1789,83224,7554
0500000US48451,48451,"Tom Green County, Texas",13196,7052,6144,859,76794,6014
0500000US48453,48453,"Travis County, Texas",112997,57135,55862,18534,842298,150035
0500000US48469,48469,"Victoria County, Texas",8813,4616,4197,626,59698,4053
0500000US48471,48471,"Walker County, Texas",14349,7103,7246,228,46843,3248
0500000US48479,48479,"Webb County, Texas",30893,15518,15375,1558,152141,7907
0500000US48485,48485,"Wichita County, Texas",19222,11368,7854,1021,83093,4796
0500000US48491,48491,"Williamson County, Texas",44700,22813,21887,4721,360257,48562
0500000US48497,48497,"Wise County, Texas",5446,2748,2698,189,44568,2452
0500000US49005,49005,"Cache County, Utah",24527,12527,12000,1605,62167,8461
0500000US49011,49011,"Davis County, Utah",30478,16340,14138,1810,204090,25355
0500000US49035,49035,"Salt Lake County, Utah",106526,54372,52154,9150,716783,94258
0500000US49045,49045,"Tooele County, Utah",6176,2993,3183,150,38992,3692
0500000US49049,49049,"Utah County, Utah",101195,50425,50770,7271,299761,38635
0500000US49053,49053,"Washington County, Utah",14407,7723,6684,456,107235,10137
0500000US49057,49057,"Weber County, Utah",25302,12973,12329,1223,154572,12720
0500000US50007,50007,"Chittenden County, Vermont",25988,12812,13176,4529,107316,21557
0500000US51003,51003,"Albemarle County, Virginia",14250,6930,7320,1952,71816,16497
0500000US51013,51013,"Arlington County, Virginia",19316,9791,9525,11255,173672,70253
0500000US51015,51015,"Augusta County, Virginia",5467,3098,2369,694,55201,5457
0500000US51019,51019,"Bedford County, Virginia",5516,2943,2573,346,57443,6133
0500000US51041,51041,"Chesterfield County, Virginia",29864,14393,15471,2494,231679,33491
0500000US51059,51059,"Fairfax County, Virginia",95698,48693,47005,22424,783902,239539
0500000US51061,51061,"Fauquier County, Virginia",4990,2648,2342,860,47766,5691
0500000US51069,51069,"Frederick County, Virginia",6884,3466,3418,714,59491,6285
0500000US51085,51085,"Hanover County, Virginia",9101,5047,4054,1054,73296,9465
0500000US51087,51087,"Henrico County, Virginia",25896,13108,12788,5442,226995,42981
0500000US51095,51095,"James City County, Virginia",6724,3329,3395,846,52836,12406
0500000US51107,51107,"Loudoun County, Virginia",28481,14642,13839,4975,256261,70037
0500000US51121,51121,"Montgomery County, Virginia",29100,16924,12176,3876,54570,12040
0500000US51153,51153,"Prince William County, Virginia",40379,21184,19195,4171,296482,48352
0500000US51161,51161,"Roanoke County, Virginia",7853,4010,3843,1560,67516,7392
0500000US51165,51165,"Rockingham County, Virginia",7924,3877,4047,674,54479,5727
0500000US51177,51177,"Spotsylvania County, Virginia",11654,6006,5648,1129,88100,10689
0500000US51179,51179,"Stafford County, Virginia",15349,8151,7198,1445,92927,15226
0500000US51199,51199,"York County, Virginia",5979,3183,2796,1419,45602,8868
0500000US51510,51510,"Alexandria city, Virginia",9465,4556,4909,2300,121705,37933
0500000US51550,51550,"Chesapeake city, Virginia",21185,11061,10124,2844,160787,22739
0500000US51650,51650,"Hampton city, Virginia",15755,8316,7439,192,90781,10649
0500000US51680,51680,"Lynchburg city, Virginia",20804,9009,11795,2488,44468,5513
0500000US51700,51700,"Newport News city, Virginia",21457,11041,10416,2010,116240,10110
0500000US51710,51710,"Norfolk city, Virginia",44380,27475,16905,3831,151907,16918
0500000US51740,51740,"Portsmouth city, Virginia",9336,5110,4226,606,63441,4894
0500000US51760,51760,"Richmond city, Virginia",29416,14096,15320,4122,157287,24477
0500000US51770,51770,"Roanoke city, Virginia",6831,3158,3673,587,71363,7143
0500000US51800,51800,"Suffolk city, Virginia",6373,2960,3413,592,61850,7180
0500000US51810,51810,"Virginia Beach city, Virginia",42623,22646,19977,5390,307404,40262
0500000US53005,53005,"Benton County, Washington",16574,8671,7903,770,128629,15364
0500000US53007,53007,"Chelan County, Washington",6889,3698,3191,252,51163,5078
0500000US53009,53009,"Clallam County, Washington",4686,2411,2275,176,58010,7093
0500000US53011,53011,"Clark County, Washington",37340,19313,18027,2758,321884,35093
0500000US53015,53015,"Cowlitz County, Washington",7671,3868,3803,271,74724,5425
0500000US53021,53021,"Franklin County, Washington",9084,5107,3977,614,53630,2528
0500000US53025,53025,"Grant County, Washington",9464,4703,4761,1079,57386,3608
0500000US53027,53027,"Grays Harbor County, Washington",4772,2464,2308,357,52905,2423
0500000US53029,53029,"Island County, Washington",7047,4044,3003,141,60812,7781
0500000US53033,53033,"King County, Washington",178561,90347,88214,36008,1562740,323301
0500000US53035,53035,"Kitsap County, Washington",26459,15302,11157,1404,184874,22229
0500000US53041,53041,"Lewis County, Washington",5520,3029,2491,160,55737,4322
0500000US53053,53053,"Pierce County, Washington",79909,42937,36972,6513,589927,54836
0500000US53057,53057,"Skagit County, Washington",9794,4955,4839,439,87956,8860
0500000US53061,53061,"Snohomish County, Washington",64158,33668,30490,7281,555239,54370
0500000US53063,53063,"Spokane County, Washington",49541,25363,24178,3428,344221,38751
0500000US53067,53067,"Thurston County, Washington",23186,11917,11269,1765,196131,26726
0500000US53073,53073,"Whatcom County, Washington",30964,15084,15880,2521,147244,16090
0500000US53077,53077,"Yakima County, Washington",24004,12577,11427,1153,151817,10561
0500000US54003,54003,"Berkeley County, West Virginia",9882,5119,4763,366,77936,4961
0500000US54011,54011,"Cabell County, West Virginia",12397,6010,6387,1549,63735,6440
0500000US54033,54033,"Harrison County, West Virginia",4947,2560,2387,494,48218,4086
0500000US54039,54039,"Kanawha County, West Virginia",13004,6649,6355,506,132494,13143
0500000US54061,54061,"Monongalia County, West Virginia",22705,11932,10773,3250,65107,12594
0500000US54081,54081,"Raleigh County, West Virginia",5927,3514,2413,318,53372,3454
0500000US54107,54107,"Wood County, West Virginia",6439,3341,3098,594,60456,5026
0500000US55009,55009,"Brown County, Wisconsin",24093,11993,12100,2887,175030,20339
0500000US55025,55025,"Dane County, Wisconsin",75117,38594,36523,19003,350461,75264
0500000US55027,55027,"Dodge County, Wisconsin",6540,3609,2931,365,63479,3008
0500000US55035,55035,"Eau Claire County, Wisconsin",17239,7852,9387,1621,65449,8428
0500000US55039,55039,"Fond du Lac County, Wisconsin",8730,4544,4186,362,72046,5649
0500000US55055,55055,"Jefferson County, Wisconsin",7875,3891,3984,407,58912,5082
0500000US55059,55059,"Kenosha County, Wisconsin",16581,8326,8255,1717,112806,9923
0500000US55063,55063,"La Crosse County, Wisconsin",18867,8839,10028,2043,75844,7423
0500000US55071,55071,"Manitowoc County, Wisconsin",5896,2903,2993,543,56759,3192
0500000US55073,55073,"Marathon County, Wisconsin",10684,5755,4929,787,93819,8591
0500000US55079,55079,"Milwaukee County, Wisconsin",92658,46304,46354,9356,630803,72032
0500000US55087,55087,"Outagamie County, Wisconsin",15498,8007,7491,1076,126394,12481
0500000US55089,55089,"Ozaukee County, Wisconsin",7778,4098,3680,1219,61827,12273
0500000US55097,55097,"Portage County, Wisconsin",12057,5967,6090,594,44911,4081
0500000US55101,55101,"Racine County, Wisconsin",17666,9439,8227,1044,132881,12639
0500000US55105,55105,"Rock County, Wisconsin",13883,6798,7085,485,110328,7296
0500000US55109,55109,"St. Croix County, Wisconsin",6556,3219,3337,516,59401,6826
0500000US55117,55117,"Sheboygan County, Wisconsin",9707,4753,4954,640,79984,6043
0500000US55127,55127,"Walworth County, Wisconsin",13189,6178,7011,945,68366,7595
0500000US55131,55131,"Washington County, Wisconsin",9796,5181,4615,1579,95324,8337
0500000US55133,55133,"Waukesha County, Wisconsin",30968,15506,15462,4549,282781,42625
0500000US55139,55139,"Winnebago County, Wisconsin",20814,10896,9918,1737,114495,10338
0500000US55141,55141,"Wood County, Wisconsin",5019,2539,2480,281,52345,4018
0500000US56021,56021,"Laramie County, Wyoming",8202,4576,3626,460,67446,8006
0500000US56025,56025,"Natrona County, Wyoming",5570,2948,2622,261,53481,4525